{
  "high_school_physics": 0.21052631578947367,
  "fire_engineer": 0.3548387096774194,
  "computer_network": 0.10526315789473684,
  "advanced_mathematics": 0.3157894736842105,
  "logic": 0.13636363636363635,
  "middle_school_physics": 0.42105263157894735,
  "clinical_medicine": 0.2727272727272727,
  "probability_and_statistics": 0.16666666666666666,
  "ideological_and_moral_cultivation": 0.3157894736842105,
  "operating_system": 0.3157894736842105,
  "middle_school_mathematics": 0.15789473684210525,
  "chinese_language_and_literature": 0.21739130434782608,
  "electrical_engineer": 0.32432432432432434,
  "business_administration": 0.36363636363636365,
  "high_school_geography": 0.42105263157894735,
  "modern_chinese_history": 0.391304347826087,
  "legal_professional": 0.17391304347826086,
  "middle_school_geography": 0.08333333333333333,
  "middle_school_chemistry": 0.15,
  "high_school_biology": 0.15789473684210525,
  "high_school_chemistry": 0.15789473684210525,
  "physician": 0.24489795918367346,
  "high_school_chinese": 0.21052631578947367,
  "tax_accountant": 0.20408163265306123,
  "high_school_history": 0.3,
  "mao_zedong_thought": 0.5,
  "high_school_mathematics": 0.2777777777777778,
  "professional_tour_guide": 0.3448275862068966,
  "veterinary_medicine": 0.21739130434782608,
  "environmental_impact_assessment_engineer": 0.25806451612903225,
  "basic_medicine": 0.21052631578947367,
  "education_science": 0.4482758620689655,
  "urban_and_rural_planner": 0.41304347826086957,
  "middle_school_biology": 0.23809523809523808,
  "plant_protection": 0.36363636363636365,
  "middle_school_history": 0.18181818181818182,
  "high_school_politics": 0.15789473684210525,
  "metrology_engineer": 0.25,
  "art_studies": 0.48484848484848486,
  "college_economics": 0.36363636363636365,
  "college_chemistry": 0.20833333333333334,
  "law": 0.25,
  "sports_science": 0.3157894736842105,
  "civil_servant": 0.2765957446808511,
  "college_programming": 0.4594594594594595,
  "middle_school_politics": 0.2857142857142857,
  "teacher_qualification": 0.3409090909090909,
  "computer_architecture": 0.38095238095238093,
  "college_physics": 0.15789473684210525,
  "discrete_mathematics": 0.375,
  "marxism": 0.21052631578947367,
  "accountant": 0.2653061224489796
}