{
  "high_school_physics": 0.3157894736842105,
  "fire_engineer": 0.2903225806451613,
  "computer_network": 0.21052631578947367,
  "advanced_mathematics": 0.3684210526315789,
  "logic": 0.22727272727272727,
  "middle_school_physics": 0.3157894736842105,
  "clinical_medicine": 0.2727272727272727,
  "probability_and_statistics": 0.16666666666666666,
  "ideological_and_moral_cultivation": 0.3684210526315789,
  "operating_system": 0.3157894736842105,
  "middle_school_mathematics": 0.15789473684210525,
  "chinese_language_and_literature": 0.34782608695652173,
  "electrical_engineer": 0.2702702702702703,
  "business_administration": 0.36363636363636365,
  "high_school_geography": 0.3157894736842105,
  "modern_chinese_history": 0.30434782608695654,
  "legal_professional": 0.34782608695652173,
  "middle_school_geography": 0.16666666666666666,
  "middle_school_chemistry": 0.15,
  "high_school_biology": 0.10526315789473684,
  "high_school_chemistry": 0.21052631578947367,
  "physician": 0.22448979591836735,
  "high_school_chinese": 0.15789473684210525,
  "tax_accountant": 0.1836734693877551,
  "high_school_history": 0.3,
  "mao_zedong_thought": 0.5,
  "high_school_mathematics": 0.3333333333333333,
  "professional_tour_guide": 0.3103448275862069,
  "veterinary_medicine": 0.30434782608695654,
  "environmental_impact_assessment_engineer": 0.22580645161290322,
  "basic_medicine": 0.21052631578947367,
  "education_science": 0.5172413793103449,
  "urban_and_rural_planner": 0.43478260869565216,
  "middle_school_biology": 0.38095238095238093,
  "plant_protection": 0.36363636363636365,
  "middle_school_history": 0.3181818181818182,
  "high_school_politics": 0.21052631578947367,
  "metrology_engineer": 0.3333333333333333,
  "art_studies": 0.48484848484848486,
  "college_economics": 0.36363636363636365,
  "college_chemistry": 0.2916666666666667,
  "law": 0.2916666666666667,
  "sports_science": 0.3684210526315789,
  "civil_servant": 0.23404255319148937,
  "college_programming": 0.40540540540540543,
  "middle_school_politics": 0.38095238095238093,
  "teacher_qualification": 0.4090909090909091,
  "computer_architecture": 0.2857142857142857,
  "college_physics": 0.15789473684210525,
  "discrete_mathematics": 0.25,
  "marxism": 0.3684210526315789,
  "accountant": 0.2653061224489796
}