{
  "high_school_physics": 0.2631578947368421,
  "fire_engineer": 0.3225806451612903,
  "computer_network": 0.3157894736842105,
  "advanced_mathematics": 0.3684210526315789,
  "logic": 0.4090909090909091,
  "middle_school_physics": 0.5789473684210527,
  "clinical_medicine": 0.36363636363636365,
  "probability_and_statistics": 0.05555555555555555,
  "ideological_and_moral_cultivation": 0.42105263157894735,
  "operating_system": 0.2631578947368421,
  "middle_school_mathematics": 0.10526315789473684,
  "chinese_language_and_literature": 0.34782608695652173,
  "electrical_engineer": 0.32432432432432434,
  "business_administration": 0.45454545454545453,
  "high_school_geography": 0.3684210526315789,
  "modern_chinese_history": 0.30434782608695654,
  "legal_professional": 0.21739130434782608,
  "middle_school_geography": 0.08333333333333333,
  "middle_school_chemistry": 0.25,
  "high_school_biology": 0.21052631578947367,
  "high_school_chemistry": 0.2631578947368421,
  "physician": 0.2653061224489796,
  "high_school_chinese": 0.3684210526315789,
  "tax_accountant": 0.2857142857142857,
  "high_school_history": 0.65,
  "mao_zedong_thought": 0.5416666666666666,
  "high_school_mathematics": 0.3333333333333333,
  "professional_tour_guide": 0.41379310344827586,
  "veterinary_medicine": 0.2608695652173913,
  "environmental_impact_assessment_engineer": 0.1935483870967742,
  "basic_medicine": 0.3157894736842105,
  "education_science": 0.41379310344827586,
  "urban_and_rural_planner": 0.41304347826086957,
  "middle_school_biology": 0.38095238095238093,
  "plant_protection": 0.4090909090909091,
  "middle_school_history": 0.18181818181818182,
  "high_school_politics": 0.3684210526315789,
  "metrology_engineer": 0.3333333333333333,
  "art_studies": 0.3939393939393939,
  "college_economics": 0.43636363636363634,
  "college_chemistry": 0.25,
  "law": 0.20833333333333334,
  "sports_science": 0.3684210526315789,
  "civil_servant": 0.3829787234042553,
  "college_programming": 0.35135135135135137,
  "middle_school_politics": 0.38095238095238093,
  "teacher_qualification": 0.4090909090909091,
  "computer_architecture": 0.2857142857142857,
  "college_physics": 0.3157894736842105,
  "discrete_mathematics": 0.1875,
  "marxism": 0.3157894736842105,
  "accountant": 0.2857142857142857
}